<?xml version="1.0" encoding="utf-8"?>

<extension
	type="module"
	version="1.6.0"
	client="site"
	method="upgrade">
    <name>JP Smooth Gallery Module</name>
    <creationDate>January 2011</creationDate>
    <author>Joomlaplates.Com</author>
    <copyright>GNU / GPL2 http://www.gnu.org/licenses/gpl-2.0.html</copyright>
    <authorEmail>support@joomlaplates.com</authorEmail>
    <authorUrl>http://www.joomlaplates.com</authorUrl>
    <version>2.0</version>
	<description>
	<![CDATA[
	<p><span style="color: #333; font-size:14px; font-weight:bold"><b>JP Smooth Gallery</b></span></p>
	<span style="color: #ff0000; font-weight:bold">Instructions</span>
	<br>Using this module is very easy. Just upload your images to folder:<br /> 
<strong style="color:#ff0000">JoomlaRoot/images/smooth_gallery/</strong> <br />
	Those images will be listed in the module administrator and  you can select them to be shown in the slideshow</p>
	]]>  	
	</description>
		<files>
			<filename module="mod_jp_smooth_gallery">mod_jp_smooth_gallery.php</filename>
			<filename module="mod_jp_smooth_gallery">helper.php</filename>
			<filename module="mod_jp_smooth_gallery">resizer.php</filename>
			<filename module="mod_jp_smooth_gallery">index.html</filename>
			<folder module="mod_jp_smooth_gallery">elements</folder>
			<folder module="mod_jp_smooth_gallery">smooth_gallery</folder>
			<folder module="mod_jp_smooth_gallery">cache</folder>
			<folder module="mod_jp_smooth_gallery">tmpl</folder>
		</files>
		
		<media folder="images" destination="../images/smooth_gallery">
			<filename>slideshow_001.jpg</filename>
			<filename>slideshow_002.jpg</filename>
			<filename>index.html</filename>
		</media>

<config>
<fields name="params" addfieldpath="modules/mod_jp_smooth_gallery/elements">

	<fieldset name="basic">

		<field name="moduleclass_sfx" type="text" default="" label="Module Class Suffix" description="A Suffix to be applied the CSS class of this module, this allow indivdual module styling" />

		<field name="@spacer" type="spacer" default="" label="" description="" />				
		<field name="slidewidth" type="text" default="900" label="Width" description="slideshow width" />
		<field name="slideheight" type="text" default="300" label="Height" description="slideshow height" />
		
		<field name="slideduration" type="text" default="500" label="Fade Duration" description="adjust the speed of image's fading" />
		<field name="slidedelay" type="text" default="9000" label="Delay" description="adjust how long an image will be displayed" />
		<field name="@spacer" type="spacer" default="" label="" description="" />

		<field name="showCaption" type="list" default="1" label="Show Infozone" description="Shows Infozone Yes or No">
			<option value="0">No</option>
			<option value="1">Yes</option>
		</field>
		<field name="infozone_height" type="text" default="50px" label="Infozone Height" description="adjust the height of Infozone" />

		<field name="showthumbs" type="list" default="1" label="Show Thumbs" description="Shows Thumbs Yes or No">
			<option value="0">No</option>
			<option value="1">Yes</option>
		</field>
		<field name="showthumbs_name" type="text" default="More Images" label="Thumb Button Name" description="Showthumbs Name" />
		<field name="links" type="list" default="0" label="Embed URL Links" description="Embed URL Links, disable the function if you dont want to link the images">
		<option value="1">yes</option>
		<option value="0">no</option>
		</field>
<field type="lofspacer" value="1" name="image_status_1"  isgroup="true" title="Enable Image" end="group" />
			
		<field name="slide_img1" hide_default="true" hide_none="true" type="media" directory="images/smooth_gallery" default="images/smooth_gallery/slideshow_001.jpg" label="Image 1" description="Image for 1st slide slot" />	
		<field name="image_url1" type="text" default="http://www.joomlaplates.com" label="Url for Image 1 " description="Type an url for this image, eg. http://www.joomlaplates.com" />
		<field name="image_title1" type="text" default="Image 1 title" label="Title for Image 1" description="" />
		<field name="image_description1" type="textarea" default="type your text for first image here" label="Text for Image 1" description="" cols="30" rows="2"/>
<field type="lofspacer" default="1" name="test" label="test 1" end="444" />

<field type="lofspacer" value="1" name="image_status_2"  isgroup="true" title="Enable Image" end="group" />

		<field name="slide_img2" hide_default="true" hide_none="true" type="media" directory="images/smooth_gallery" default="images/smooth_gallery/slideshow_002.jpg" label="Image 2" description="Image for second slide slot" />		
		<field name="image_url2" type="text" default="http://www.joomlaplates.com" label="Url for Image 2 " description="Type an url for this image, eg. http://www.joomlaplates.com" />
		<field name="image_title2" type="text" default="Image 2 title" label="Title for Image 2" description="" />
		<field name="image_description2" type="textarea" default="type your text for second image here" label="Text for Image 2" description="" cols="30" rows="2" />
		
	<field type="lofspacer" default="1" name="end_image_status_2" label="test 1" end="444" />

<field type="lofspacer" value="1" name="image_status_3"  isgroup="true" title="Enable Image" end="group" />
		
		<field name="slide_img3" hide_default="true" hide_none="true" type="media" directory="images/smooth_gallery" default="" label="Image 3" description="Image for third slide slot" />
		<field name="image_url3" type="text" default="http://www.joomlaplates.com" label="Url for Image 3 " description="Type an url for this image, eg. http://www.joomlaplates.com" />
		<field name="image_title3" type="text" default="Image 3 title" label="Title for Image 3" description="" />
		<field name="image_description3" type="textarea" default="type your text for third image here" label="Text for Image 3" description="" cols="30" rows="2" />
		
<field type="lofspacer" default="1" name="end_image_status_3" label="test 1" end="444" />

<field type="lofspacer" value="1" name="image_status_4"  isgroup="true" title="Enable Image" end="group" />
		

		<field name="slide_img4" hide_default="true" hide_none="true" type="media" directory="images/smooth_gallery" default="" label="Image 4" description="Image for 4th slide slot" />
		<field name="image_url4" type="text" default="http://www.joomlaplates.com" label="Url for Image 4 " description="Type an url for this image, eg. http://www.joomlaplates.com" />
		<field name="image_title4" type="text" default="Image 4 title" label="Title for Image 4" description="" />
		<field name="image_description4" type="textarea" default="type your text for 4th image here" label="Text for Image 4" description="" cols="30" rows="2" />
<field type="lofspacer" default="1" name="end_image_status_4" label="test 1" end="444" />

<field type="lofspacer" value="1" name="image_status_5"  isgroup="true" title="Enable Image" end="group" />

		<field name="slide_img5" hide_default="true" hide_none="true" type="media" directory="images/smooth_gallery" default="" label="Image 5" description="Image for 5th slide slot" />
		<field name="image_url5" type="text" default="http://www.joomlaplates.com" label="Url for Image 5 " description="Type an url for this image, eg. http://www.joomlaplates.com" />
		<field name="image_title5" type="text" default="Image 5 title" label="Title for Image 5" description="" />
		<field name="image_description5" type="textarea" default="type your text for 5th image here" label="Text for Image 5" description="" cols="30" rows="2" />
		
<field type="lofspacer" default="1" name="end_image_status_5" label="test 1" end="444" />

<field type="lofspacer" value="1" name="image_status_6"  isgroup="true" title="Enable Image" end="group" />

		<field name="slide_img6" hide_default="true" hide_none="true" type="media" directory="images/smooth_gallery" default="" label="Image 6" description="Image for 6ht slide slot" />
		<field name="image_url6" type="text" default="http://www.joomlaplates.com" label="Url for Image 6 " description="Type an url for this image, eg. http://www.joomlaplates.com" />
		<field name="image_title6" type="text" default="Image 6 title" label="Title for Image 6" description="" />
		<field name="image_description6" type="textarea" default="type your text for 6th image here" label="Text for Image 6" description="" cols="30" rows="2" />
		
<field type="lofspacer" default="1" name="end_image_status_6" label="test 1" end="444" />

<field type="lofspacer" value="1" name="image_status_7"  isgroup="true" title="Enable Image" end="group" />

		<field name="slide_img7" hide_default="true" hide_none="true" type="media" directory="images/smooth_gallery" default="" label="Image 7" description="Image for 7th slide slot" />
		<field name="image_url7" type="text" default="http://www.joomlaplates.com" label="Url for Image 7 " description="Type an url for this image, eg. http://www.joomlaplates.com" />
		<field name="image_title7" type="text" default="Image 7 title" label="Title for Image 7" description="" />
		<field name="image_description7" type="textarea" default="type your text for 7th image here" label="Text for Image 7" description="" cols="30" rows="2" />
		
	<field type="lofspacer" default="1" name="end_image_status_7" label="test 1" end="444" />

<field type="lofspacer" value="1" name="image_status_8"  isgroup="true" title="Enable Image" end="group" />

		<field name="slide_img8" hide_default="true" hide_none="true" type="media" directory="images/smooth_gallery" default="" label="Image 8" description="Image for 8th slide slot" />
		<field name="image_url8" type="text" default="http://www.joomlaplates.com" label="Url for Image 8 " description="Type an url for this image, eg. http://www.joomlaplates.com" />
		<field name="image_title8" type="text" default="Image 8 title" label="Title for Image 8" description="" />
		<field name="image_description8" type="textarea" default="type your text for 8th image here" label="Text for Image 8" description="" cols="30" rows="2" />

<field type="lofspacer" default="1" name="end_image_status_8" label="test 1" end="444" />

<field type="lofspacer" value="1" name="image_status_9"  isgroup="true" title="Enable Image" end="group" />

		<field name="slide_img9" hide_default="true" hide_none="true" type="media" directory="images/smooth_gallery" default="" label="Image 9" description="Image for 9th slide slot" />
		<field name="image_url9" type="text" default="http://www.joomlaplates.com" label="Url for Image 9 " description="Type an url for this image, eg. http://www.joomlaplates.com" />
		<field name="image_title9" type="text" default="Image 9 title" label="Title for Image 9" description="" />
		<field name="image_description9" type="textarea" default="type your text for 9th image here" label="Text for Image 9" description="" cols="30" rows="2" />
		
<field type="lofspacer" default="1" name="end_image_status_9" label="test 1" end="444" />

<field type="lofspacer" value="1" name="image_status_10"  isgroup="true" title="Enable Image" end="group" />

		<field name="slide_img10" hide_default="true" hide_none="true" type="media" directory="images/smooth_gallery" default="" label="Image 10" description="Image for 10th slide slot" />
		<field name="image_url10" type="text" default="http://www.joomlaplates.com" label="Url for Image 10 " description="Type an url for this image, eg. http://www.joomlaplates.com" />
		<field name="image_title10" type="text" default="Image 10 title" label="Title for Image 10" description="" />
		<field name="image_description10" type="textarea" default="type your text for 10th image here" label="Text for Image 10" description="" cols="30" rows="2" />
<field type="lofspacer" default="1" name="end_image_status_10" label="test 1" end="444" />

</fieldset>

		<fieldset name="advanced">
			<field 	name="layout" type="modulelayout" label="Alternate Label" description="Alternate Label" />
			<field name="cache" type="list" default="1" label="Caching" description="Select whether to cache the content of this module">
			<option value="1">Use global</option>
			<option value="0">No caching</option>
			</field>

			<field name="cache_time" type="text" default="900" label="Cache Time" description="The time before the module is recached" />
		</fieldset>
		
</fields>



</config>


</extension>
