<?xml version="1.0" encoding="utf-8"?>
<!DOCTYPE install PUBLIC "-//Joomla! 2.5//DTD template 1.0//EN" "http://www.joomla.org/xml/dtd/2.5/template-install.dtd">
<install version="2.5" type="template" method="upgrade">
	<name>jtouch25</name>
	<creationDate>15 June 2012</creationDate>
	<author>Nguyen @ MobileMeWs.com</author>
	<authorEmail>mobilemews@gmail.com</authorEmail>
	<authorUrl>http://www.mobilemews.com/jtouch</authorUrl>
	<copyright>Copyright 2011-2012 MobileMeWs.com. All rights reserved.</copyright>
	<license>GNU/GPL</license>
	<version>2.5.9 stable</version>
	<description>
		<![CDATA[
			<div class="clr"></div>
			<div style="font-weight:normal;color:#333;">
				<img src="../templates/jtouch25/welcome.png" />
				<div class="clr"></div>
				<h2>Jtouch25 - version 2.5.9 stable</h2>
				<p>A mobile and touch friendly template for Joomla 2.5, VirtueMart 2, and Kunena 1.7. Built on top of jQueryMobile 1.1</p>
				<p>
					<a href="http://www.mobilemews.com/" target="_blank">Home page</a> | 
					<a href="http://www.mobilemews.com/downloads/jtouch" target="_blank">Download latests</a> | 
					<a href="http://www.mobilemews.com/forum/2-general-questions" target="_blank">Support forum</a>
				</p>
				
				<p>Love to use Jtouch? Please <a href="http://www.mobilemews.com/" target="_blank">donate</a> or <a href="http://extensions.joomla.org/extensions/mobile/mobile-display/19123" target="_blank">vote</a> for us!</p>
				
				<p>Copyright 2011-2012 <a href="http://www.mobilemews.com/" target="_blank">MobileMeWs.com</a>. All rights reserved.</p>
			</div>
		]]>
		
	</description>
	<files>
		<filename>index.html</filename>
		<filename>index.php</filename>
		<filename>component.php</filename>
		<filename>template_thumbnail.png</filename>
		<filename>template_preview.png</filename>
		<filename>templateDetails.xml</filename>
		<filename>jtouch.png</filename>
		<filename>banner.png</filename>
		<filename>welcome.png</filename>
		<filename>history.txt</filename>
		<filename>creadit.txt</filename>
		<folder>css</folder>
		<folder>images</folder>
		<folder>client-libs</folder>
		<folder>icons</folder>
		<folder>html</folder>
		<folder>utils</folder>
		<folder>page-elements</folder>
		<folder>-customize</folder>
	</files>
	<languages folder="languages">
		<language tag="en-GB">en-GB.tpl_jtouch25.ini</language>
	</languages>
	<positions>
		<position>jtouch-nav</position>
		<position>jtouch-banner</position>
		<position>jtouch-top</position>
		<position>jtouch-bottom</position>
		<position>jtouch-breadcrumb</position>
		<position>jtouch-footer</position>
		<position>jtouch-menu</position>
		<position>jtouch-search</position>
		<position>jtouch-tools</position>
		<position>jtouch-rtools</position>
		<position>jtouch-user1</position>
		<position>jtouch-user2</position>
	</positions>
	<config>
		<fields name="params">
			<fieldset name="lnf" label="Look and Feel">
				<field name="jtouch-always-show-back" type="radio" default="0" label="Show Back Button" description="Always show back button on the left hand of header bar. Default is No">
					<option value="1">Yes</option>
					<option value="0">No</option>
				</field>
				<field name="jtouch-theme" type="list" default="d" label="Page Theme" description="Select theme apply to the whole page">
					<option value="a">A</option>
					<option value="b">B</option>
					<option value="c">C</option>
					<option value="d">D</option>
					<option value="e">E</option>
				</field>
				<field name="jtouch-header-theme" type="list" default="b" label="Header Theme" description="Select theme apply to the header bar">
					<option value="a">A</option>
					<option value="b">B</option>
					<option value="c">C</option>
					<option value="d">D</option>
					<option value="e">E</option>
				</field>
				<field name="jtouch-fixed-header" type="radio" default="0" label="Fixed Header" description="Fixed position of header bar while scrolling. Default is No">
					<option value="1">Yes</option>
					<option value="0">No</option>
				</field>
				<field name="jtouch-fixed-footer" type="radio" default="0" label="Fixed Footer" description="Fixed position of footer bar while scrolling. Default is No">
					<option value="1">Yes</option>
					<option value="0">No</option>
				</field>
				<field name="jtouch-page-transition" type="list" default="fade" label="Page Transition" description="Transition effects that can be applied to any page link or ajax form submission. Default is Fade">
					<option value="fade">Fade</option>
					<option value="pop">Pop</option>
					<option value="flip">Flip</option>
					<option value="turn">Turn</option>
					<option value="flow">Flow</option>
					<option value="slidefade">Slide fade</option>
					<option value="slide">Slide</option>
					<option value="slideup">Slide up</option>
					<option value="none">None</option>
				</field>
				
				<field name="jtouch-banner" type="text" default="templates/jtouch25/banner.png" label="Main Banner" description="Path to image display on top of the page. Use as the main banner or logo for your mobile website" />
				<field name="jtouch-desktop-template" class="validate-numeric" type="text" default="-1" label="Desktop Template ID" description="User can switch to the desktop version of your website by change its template. Put the ID of this desktop template here. -1 for turn off this function. Default is -1" />
			</fieldset>
			
			<fieldset name="ios" label="iOS Devices">
				<field name="jtouch-ios-add-app" type="radio" default="1" label="Add as App Tooltip" description="Display Add to Home Screen tooltip when user visit the mobile site. Default is Yes">
					<option value="1">Yes</option>
					<option value="0">No</option>
				</field>
				<field name="jtouch-ios-icons" type="text" default="icons" label= "Icons Folder" description="Folder name (within jtouch25 template) has images which are using to create WebClip icon. Default is icons" />
			</fieldset>
			
			<fieldset name="gbs" label="Advanced Parameters">
				<field name="jtouch-turnoff-ids" class="" type="text" default="-1"  label="Turn Off Pages" description="If you don't want to load components from home page or any other pages, please specify their Menu Item IDs here, separates by commas, for example: 1,3,5. Default is -1" />
				<field name="jtouch-debug" type="radio" default="0" label="Debug" description="Select On to use uncompressed css and js files, useful for developer. Default is Off">
					<option value="1">On</option>
					<option value="0">Off</option>
				</field>
				<field name="jtouch-show-powerby" type="radio" default="0" label="Show Powered By" description="Display MobileMeWs.com link at the bottom of your website. Help us spread the world, please :). Default is Yes">
					<option value="1">Yes</option>
					<option value="0">No</option>
				</field>
			</fieldset>
			
			<fieldset name="gas" label="Google Settings">
				<field name="jtouch-google-captcha-enable" type="radio" default="0" label="Use ReCaptcha" description="If your website is turn on catpcha plugin and using Google ReCaptcha, please turn on this option. Default is No">
					<option value="1">Yes</option>
					<option value="0">No</option>
				</field>
				<field name="jtouch-google-captcha-publickey" type="text" default="" label="ReCaptcha Public Key" description="Your ReCaptcha Public Key. Must be the same what you have input to ReCaptcha Plugin" />
				
				<field name="spacer-google-analytics" type="spacer" hr="true" />
				<field name="jtouch-google-analytics" type="radio" default="0" label="Use Google Analytics" description="Add Google Analytics js to your website or not. If select Yes, please input your GA Account and domain main. Default is No">
					<option value="1">Yes</option>
					<option value="0">No</option>
				</field>
				<field name="jtouch-google-account" type="text" default="UA-26927250-1" label="GA Account" description="Your Google Analytics Code" />
				<field name="jtouch-google-domain" type="text" default="mobilemews.com" label="GA Account" description="Your domain" />
				
				<field name="space-google-adsence" type="spacer" hr="true" />
				<field name="jtouch-google-adsence" type="list" default="0" label="Enable Google Adsence" description="Select position to display Google Adsence. Deault is No">
					<option value="0">No</option>
					<option value="1">Top</option>
					<option value="2">Bottom</option>
					<option value="3">Top + Bottom</option>
				</field>
				<field name="jtouch-google-adsence-client" type="text" default="" label="Client ID" description="Your Google Adsence Client ID. For example: mm-mb-pub-0139273720728419" />
				<field name="jtouch-google-adsence-slot" type="text" default="" label="Slot Name" description="Your Google Adsence Slot Name. For example: 1749182999" />
				
			</fieldset>
			
			<fieldset name="ext-vm" label="VirtueMart 2">
				<field name="jtouch-virtuemart-load" type="radio" default="0" label="Use VirtueMart2" description="Load stuffs for VirtueMart 2 or not. Select Yes if your website is running with VM. Default is No">
					<option value="1">Yes</option>
					<option value="0">No</option>
				</field>
				<field name="jtouch-virtuemart-btn-level1" type="radio" default="0" label="Button on 1st Page" description="Show 'Add to Cart' button on list of products page. Default is No">
					<option value="1">Yes</option>
					<option value="0">No</option>
				</field>
			</fieldset>
			
			<fieldset name="ext-kunena" label="Kunena 1.7">
				<field name="jtouch-kunena-load" type="radio" default="0" label="Use Kunena" description="Load stuffs for Kunena 1.7 or not. Select Yes if your website is running with Kunena forum. Default is No">
					<option value="1">Yes</option>
					<option value="0">No</option>
				</field>
			</fieldset>
		</fields>
	</config>
</install>
