<?xml version="1.0" encoding="utf-8"?>
<!DOCTYPE install PUBLIC "-//Joomla! 1.6//DTD template 1.0//EN" "http://www.joomla.org/xml/dtd/1.6/template-install.dtd">
<extension version="1.6" type="template" method="upgrade" client="site">
	<name>JP-Industry</name>
	<creationDate>August 2012</creationDate>
	<author>Joomlaplates.com</author>
	<copyright>Single License</copyright>
	<authorEmail>info@joomlaplates.com</authorEmail>
	<authorUrl>http://www.joomlaplates.com</authorUrl>
	<version>2.5.001</version>
<description>
 <![CDATA[ <h3>JP - Industry</h3>

<ul>

    <li> 30/July/2012 - Version 2.5.001 - Main Release</li>

</ul>


]]> 
</description>

<files>
		<folder>css</folder>
		<folder>images</folder>
		<folder>js</folder>
		<folder>html</folder>
		<folder>includes</folder>
		<filename>templateDetails.xml</filename>
		<filename>index.php</filename>
		<filename>params.ini</filename>
		<filename>template_thumbnail.png</filename>		
		<filename>index.html</filename>	
		<filename>component.php</filename>				
</files>
		
<positions>
	<position>before</position>
	<position>after</position>
	<position>breadcrumbs</position>
	<position>suckerfish</position>
	<position>slideshow-1</position>
	<position>slideshow-2</position>
	<position>k2-breadcrumbs</position>
	<position>top25-1</position>
	<position>top25-2</position>
	<position>top25-3</position>
	<position>top25-4</position>
	<position>top33-1</position>
	<position>top33-2</position>
	<position>top33-3</position>
	<position>top50-1</position>
	<position>top50-2</position>
	<position>top66-1</position>
	<position>top66-2</position>
	<position>bottom25-1</position>
	<position>bottom25-2</position>
	<position>bottom25-3</position>
	<position>bottom25-4</position>
	<position>bottom33-1</position>
	<position>bottom33-2</position>
	<position>bottom33-3</position>
	<position>bottom50-1</position>
	<position>bottom50-2</position>
	<position>bottom66-1</position>
	<position>bottom66-2</position>
	<position>footer-1</position>
	<position>footer-2</position>
	<position>footer-3</position>
	<position>footer-4</position>
	<position>footer-5</position>
	<position>search</position>
	<position>right</position>
	<position>left</position>
	<position>footer</position>
	<position>debug</position>
</positions>

<config>
<fields name="params">

	<fieldset name="basic" label="Template Settings">
	    <field name="background" type="list" default="street" label="Background Image" description="Background Images">
			<option value="wall">Wall</option>
			<option value="street">Street</option>
			<option value="cloud">Clouds</option>
			<option value="grey">Grey</option>
			<option value="white">White</option>
			<option value="gradiant">Gradiant</option>
			<option value="custom-bg">Custom</option>
		</field>
	    <field name="template_layout" type="list" default="left_main_right" label="Template Layout" description="Template Layout">
			<option value="left_main_right">Left Main Right</option>
			<option value="left_right_main">Left Right Main</option>
			<option value="main_left_right">Main Left Right</option>
		</field>
		<field name="template_width" type="text" default="960px" label="Template Width" description="Set your Template Width in pixel or precent, basic width is 960px" />
		<field name="module_width" type="text" default="240px" label="Left+Right Module Width" description="Set your Module Width in pixel only, basic width is 200px" />
		<field name="custom" type="list" default="0" label="Load Custom.css" description="You can add your own styles or modifications. Therefore you have to edit the custom.css at the template-css folder">
			<option value="0">Off</option>
			<option value="1">On</option>
		</field>
		<field name="k2" type="list" default="1" label="Load K2 CSS" description="If youre using the K2 Extension and use our K2 Template, you have to load the k2.css too">
			<option value="0">Off</option>
			<option value="1">On</option>
		</field>
	</fieldset>
	<fieldset name="basic1" label="Template Colors">
		<field type="spacer" name="myspacer1" class="text" label="Background Color"/>
		<field name="pathway-bg" type="text" default="#46BCD2" label="Pathway, Menu, Footer" description="Enter the Color Code in Hex like this: #777" />
		<field type="spacer" name="myspacer2" class="text" label="Font Color"/>
		<field name="pathway-color" type="text" default="#FFFFFF" label="Pathway, Menu, Footer" description="Enter the Color Code in Hex like this: #777" />
	</fieldset>
	<fieldset name="Logo" label="Logo Settings">
		<field name="logo" type="media" default="templates/jp-industry/images/logo.png" label="Logo File" description="Upload your image file and point them here" />
		<field name="logo_width" type="text" default="172px" label="Logo Width" description="Set your Logo Width in pixel like 150px" />
		<field name="logo_height" type="text" default="59px" label="Logo Height" description="Set your Logo Height in pixel like 70px" />
	</fieldset>
	<fieldset name="font1" label="Font Types">
		<field name="font-type" type="list" default="1" label="Body Font Type" description="Body Font Type - If you select the Google Types you have to insert the URL and the Font Type">
			<option value="Arial">Arial</option>
			<option value="Verdana">Verdana</option>
			<option value="Tahoma">Tahoma</option>
			<option value="Times">Times</option>
		</field>
		<field type="spacer" name="myspacer3" class="text" label="If you like the Google Font types you can setup the Fonts below"/>
		<field name="google" type="list" default="1" label="Enable Google Fonts" description="Enables nice Font effects">
			<option value="0">Off</option>
			<option value="1">On</option>
		</field>
		<field name="google-h3" type="list" default="1" label="Headlines Only" description="If you want to have the Google Font on complete website, please select -no-. Otherwise the Google Font will used only for the Headlines">
			<option value="0">No</option>
			<option value="1">Yes</option>
		</field>
		<field name="google-url" type="text" default="http://fonts.googleapis.com/css?family=Nobile:400,700" label="Google Font Url" description="Enter the Url of you Google Font" />
		<field name="google-font" type="text" default="Nobile" label="Google Font Type" description="Enter the Font Type of you Google Font" />
	</fieldset>
	<fieldset name="more2" label="Font Sizes">
		<field name="body-font-size" type="text" default="12px" label="Body Font Size" description="Enter the Font Size in pixel, default is 12px" />
		<field name="module-headline-font-size" type="text" default="16px" label="Module Headline" description="Enter the Font Size in pixel, default is 18px" />
		<field name="content-headline-font-size" type="text" default="26px" label="Content Headline" description="Enter the Font Size in pixel, default is 18px" />
	</fieldset>
	<fieldset name="more3" label="Font Color">
		<field name="content_header_color" type="text" default="#777" label="Content Headline" description="Enter the Color Code in Hex like this: #777" />
		<field name="module_header_color" type="text" default="#333" label="Module Headline" description="Enter the Color Code in Hex like this: #777" />
	</fieldset>
	<fieldset name="more4" label="MooMenu and Slimbox">
		<field name="slimbox" type="radio" default="1" label="Activate Slimbox" description="Loading Slimbox JS">
			<option value="0">No</option>
			<option value="1">Yes</option>
		</field>
		<field name="showSuckerfish" type="radio" default="1" label="Activate MooMenu" description="enables Moomenu via JS">
			<option value="0">No</option>
			<option value="1">Yes</option>
		</field>
	</fieldset>
	
		</fields>
	</config>

</extension>