<?xml version="1.0" encoding="utf-8"?>
<extension version="2.5" type="plugin" group="system" method="upgrade">
	<name>Jtouch25 - Mobile Controller</name>
	<author>Nguyen @ MobileMe</author>
	<creationDate>06 Jun 2012</creationDate>
	<author>Nguyen @ MobileMeWorshop</author>
	<authorEmail>mobilemews@gmail.com</authorEmail>
	<authorUrl>http://www.mobilemews.com/jtouch</authorUrl>
	<copyright>Copyright 2011 - 2012 MobileMeWorkshop. All rights reserved.</copyright>
	<license>GNU/GPL</license>
	<version>2.5.5.stable</version>
	<description>Auto detect browser agent and switch to template that designed for mobile devices. Using MobileESP library</description>
	<files>
		<filename plugin="jtouchmobile">jtouchmobile.php</filename>
		<filename>mdetect.php</filename>
		<filename>index.html</filename>
	</files>

	<config>
		<fields name="params">
			<fieldset name="jt-mobile" label="Mobile Detect">
				<field name="jtouch_mobile_switch_enabled" type="radio" default="1"
					label="Enable template switcher"
					description="If yes, the plugin will let Joomla to use template which set at below box; if it found that user is coming from a mobile device">
					<option value="0">No</option>
					<option value="1">Yes</option>
				</field>
				<field name="jtouch_mobile_template" type="text" default="jtouch25"
					label="Switch to template"
					description="The site template to switch to when a mobile device request is detected. Default is jtouch25" />
				<field name="jtouch_mobile_include_tablets" type="radio" default="0"
					label="Include Tablets"
					description="If yes, the template will also apply to iPad and other tablets browsers. Default is No">
					<option value="0">No</option>
					<option value="1">Yes</option>
				</field>
				
				<field name="spacer1" type="spacer" hr="true" />
				<field name="jtouch_default_mobile_menu" class="text" type="text" default="0" label="Mobile Defaut Page" description="Set the menu item ID used as default access page (home-page) on mobile devices. Set to 0 to turn off this function. Default is 0" />
				
			</fieldset>
			
			<fieldset name="jt-dochead" label="HTML Output">
				<field name="jtouch_mobile_head_off" type="radio" default="1" label="Only Jtouch scripts" description="Only load javascript and css files provided by Jtouch; Or also by Joomla core and extensions. WARNING: SELECT 'NO' MAY CAUSE YOUR WEBSITE BE BROKEN, THIS OPTION FOR EXPERT ONLY! Default is Yes">
					<option value="1">Yes</option>
					<option value="0">No (Expert Only!)</option>
				</field>
			</fieldset>
		</fields>
	</config>

</extension>
